name,class,pos,rate,star,school,conf,year
Alec Pierce,recruit,WR,5.5,3,Cincinnati,AAC,2018
Meechi Harris,recruit,WR,5.7,3,Cincinnati,AAC,2018
Tavion Thomas,recruit,RB,5.8,4,Cincinnati,AAC,2018
Jayshon Jackson,recruit,ATH,5.5,3,Cincinnati,AAC,2018
Ja'Von Hicks,recruit,ATH,5.5,3,Cincinnati,AAC,2018
Ben Bryant,recruit,QB,5.6,3,Cincinnati,AAC,2018
Ryan Montgomery,recruit,RB,5.5,3,Cincinnati,AAC,2018
Dylan OQuinn,recruit,TE,5.4,2,Cincinnati,AAC,2018
Josh Whyle,recruit,TE,5.7,3,Cincinnati,AAC,2018
Oneil Robinson,recruit,WR,5.4,2,UConn,AAC,2018
Heron Maurisseau,recruit,WR,5.3,2,UConn,AAC,2018
Elijah Jeffreys,recruit,WR,5.2,2,UConn,AAC,2018
Dante Black,recruit,RB,5.5,3,UConn,AAC,2018
Khyon Gillespie,recruit,RB,5.2,2,UConn,AAC,2018
Jordan Morrison,recruit,ATH,5.4,2,UConn,AAC,2018
Steve Krajewski,recruit,QB,5.5,3,UConn,AAC,2018
Andre Pegues,recruit,WR,5.3,2,East Carolina,AAC,2018
Juwan Moody,recruit,WR,5.4,2,East Carolina,AAC,2018
Jaren Rainey,recruit,ATH,5.4,2,East Carolina,AAC,2018
Khalil Barrett,recruit,ATH,5.4,2,East Carolina,AAC,2018
Holton Ahlers,recruit,QB,5.7,3,East Carolina,AAC,2018
Ja'Kori Morgan,recruit,WR,5.6,3,Houston,AAC,2018
Henry Thomas,recruit,WR,5.4,2,Houston,AAC,2018
Peyton Sawyer,recruit,WR,5.4,2,Houston,AAC,2018
Kelan Walker,recruit,RB,5.7,3,Houston,AAC,2018
Zamar Kirven,recruit,ATH,5.4,2,Houston,AAC,2018
Julon Williams,recruit,ATH,5.6,3,Houston,AAC,2018
Clayton Tune,recruit,QB,5.6,3,Houston,AAC,2018
Christian Trahan,recruit,TE,5.5,3,Houston,AAC,2018
Spencer Wells,recruit,TE,5.5,3,Houston,AAC,2018
Kenneth Gainwell,recruit,WR,5.5,3,Memphis,AAC,2018
Antonio Gibson,recruit,WR,5.6,3,Memphis,AAC,2018
Jeremy Tate,recruit,WR,5.5,3,Memphis,AAC,2018
Troy Hurst,recruit,WR,5.4,2,Memphis,AAC,2018
Anthony Ballard Jr.,recruit,RB,5.2,2,Memphis,AAC,2018
Treysen Neal,recruit,ATH,0,0,Memphis,AAC,2018
Brady McBride,recruit,QB,5.4,2,Memphis,AAC,2018
Cameron Fleming,recruit,RB,5.5,3,Memphis,AAC,2018
Garrett Sapp,recruit,TE,5.3,2,Memphis,AAC,2018
Tyshawn Buckner,recruit,WR,5.2,2,Navy,AAC,2018
David Miller,recruit,WR,5.3,2,Navy,AAC,2018
Jebril Murray,recruit,WR,5.2,2,Navy,AAC,2018
Chance Warren,recruit,WR,5.2,2,Navy,AAC,2018
Collins Woods,recruit,WR,5.4,2,Navy,AAC,2018
Ethan Bibb,recruit,WR,5.2,2,Navy,AAC,2018
Peter Brown,recruit,WR,5.3,2,Navy,AAC,2018
Garrett Houser,recruit,WR,5.2,2,Navy,AAC,2018
Christian Hutchinson,recruit,WR,5.2,2,Navy,AAC,2018
Brendan Mitchell,recruit,WR,5.4,2,Navy,AAC,2018
Samuel Dixon,recruit,RB,5.3,2,Navy,AAC,2018
Michael Mauai,recruit,RB,5.2,2,Navy,AAC,2018
Caleb Grimes,recruit,RB,5.2,2,Navy,AAC,2018
Aubrey Williams,recruit,ATH,5.2,2,Navy,AAC,2018
Keegan Jones,recruit,ATH,5.2,2,Navy,AAC,2018
Brandon Madison,recruit,ATH,5.2,2,Navy,AAC,2018
Ebissa Sambo,recruit,ATH,5.2,2,Navy,AAC,2018
Jordan Cooper,recruit,ATH,5.5,3,Navy,AAC,2018
Perry Olsen,recruit,QB,5.2,2,Navy,AAC,2018
Christian Perez,recruit,QB,5.4,2,Navy,AAC,2018
Steve Steen,recruit,QB,5.3,2,Navy,AAC,2018
Brice Johnson,recruit,QB,5.4,2,Navy,AAC,2018
Carlinos Acie,recruit,RB,5.2,2,Navy,AAC,2018
Brandon Brooks,recruit,RB,5.2,2,Navy,AAC,2018
Isaac Ruoss,recruit,RB,5.2,2,Navy,AAC,2018
Michael Naze,recruit,TE,5.4,2,Navy,AAC,2018
Shakim Douglas,recruit,TE,5.2,2,Navy,AAC,2018
Dexter Manior,recruit,TE,5.2,2,Navy,AAC,2018
Jared Miles,recruit,WR,5.4,2,SMU,AAC,2018
Treveon Johnson,recruit,WR,5.6,3,SMU,AAC,2018
TaMerik Williams,recruit,RB,5.5,3,SMU,AAC,2018
Conner Allen,recruit,ATH,5.2,2,SMU,AAC,2018
Jimmy Phillips Jr,recruit,ATH,5.5,3,SMU,AAC,2018
William Brown,recruit,QB,5.5,3,SMU,AAC,2018
Ben Redding,recruit,TE,5.4,2,SMU,AAC,2018
Jordan  Smith,recruit,WR,5.4,2,Temple,AAC,2018
Jose Barbon,recruit,WR,5.3,2,Temple,AAC,2018
Sean Ryan,recruit,WR,5.5,3,Temple,AAC,2018
Ronnie Stevenson,recruit,WR,5.3,2,Temple,AAC,2018
David Martin Robinson,recruit,WR,5.4,2,Temple,AAC,2018
Kadas Reams,recruit,WR,5.4,2,Temple,AAC,2018
Onasis Neely,recruit,RB,5.4,2,Temple,AAC,2018
Travon King,recruit,ATH,5.6,3,Temple,AAC,2018
Amir Gillis,recruit,ATH,5.5,3,Temple,AAC,2018
Layton Jordan,recruit,ATH,5.3,2,Temple,AAC,2018
Trad Beatty,recruit,QB,5.6,3,Temple,AAC,2018
Kyle Dobbins,recruit,RB,5.5,3,Temple,AAC,2018
Aaron Jarman,recruit,TE,5.4,2,Temple,AAC,2018
Jorien Vallien,recruit,WR,5.4,2,Tulane,AAC,2018
Sorrell Brown,recruit,WR,5.4,2,Tulane,AAC,2018
Ygenio Booker,recruit,WR,5.4,2,Tulane,AAC,2018
Cameron Carroll,recruit,RB,5.2,2,Tulane,AAC,2018
Amare Jones,recruit,ATH,5.6,3,Tulane,AAC,2018
Keitha Jones,recruit,ATH,5.5,3,Tulane,AAC,2018
Christian  Daniels,recruit,QB,5.3,2,Tulane,AAC,2018
Tyrick James,recruit,TE,5.5,3,Tulane,AAC,2018
Marquez Perez,recruit,WR,5.4,2,Tulsa,AAC,2018
Imiee Cooksey,recruit,WR,5.4,2,Tulsa,AAC,2018
TK Wilkerson,recruit,RB,5.5,3,Tulsa,AAC,2018
Kendarin Ray,recruit,ATH,5.4,2,Tulsa,AAC,2018
Jabari James,recruit,ATH,5.4,2,Tulsa,AAC,2018
Davis Brin,recruit,QB,5.5,3,Tulsa,AAC,2018
Dalton May,recruit,TE,5.3,2,Tulsa,AAC,2018
James Palmer,recruit,TE,5.3,2,Tulsa,AAC,2018
Ke'von Ahmad,recruit,WR,5.7,3,Central Florida,AAC,2018
Chris Deloach,recruit,TE,5.5,3,Central Florida,AAC,2018
Zion Roland,recruit,WR,5.6,3,South Florida,AAC,2018
Brian Norris,recruit,RB,5.6,3,South Florida,AAC,2018
Terrence Horne Jr.,recruit,ATH,5.4,2,South Florida,AAC,2018
Octavious Battle,recruit,QB,5.5,3,South Florida,AAC,2018
Jordan McCloud,recruit,QB,5.6,3,South Florida,AAC,2018
Johnny Ford,recruit,RB,5.5,3,South Florida,AAC,2018
Chris Carter,recruit,TE,5.5,3,South Florida,AAC,2018
Jehlani Galloway,recruit,WR,5.5,3,BC,ACC,2018
Jason Maitre,recruit,WR,5.3,2,BC,ACC,2018
David Bailey,recruit,RB,5.5,3,BC,ACC,2018
Aaron Gethers,recruit,ATH,5.3,2,BC,ACC,2018
Matt Valecce,recruit,QB,5.5,3,BC,ACC,2018
Johnny Langan,recruit,QB,5.6,3,BC,ACC,2018
Joey Luchetti,recruit,TE,5.4,2,BC,ACC,2018
Derion Kendrick,recruit,WR,6.1,5,CLEM,ACC,2018
Justyn Ross,recruit,WR,6.1,5,CLEM,ACC,2018
Trevor Lawrence,recruit,QB,6.1,5,CLEM,ACC,2018
Lyn-J Dixon,recruit,RB,5.8,4,CLEM,ACC,2018
Braden Galloway,recruit,TE,5.6,3,CLEM,ACC,2018
Dennis Smith,recruit,WR,5.7,3,DUKE,ACC,2018
Jake Bobo,recruit,WR,5.5,3,DUKE,ACC,2018
Jarett Garner,recruit,WR,5.5,3,DUKE,ACC,2018
Mataeo Durant,recruit,RB,5.6,3,DUKE,ACC,2018
Gunnar Holmberg,recruit,QB,5.6,3,DUKE,ACC,2018
Zamari Ellis,recruit,TE,5.6,3,DUKE,ACC,2018
Jordan Young,recruit,WR,5.6,3,FSU,ACC,2018
D'Marcus Adams,recruit,WR,5.8,4,FSU,ACC,2018
Warren Thompson,recruit,WR,5.9,4,FSU,ACC,2018
Keyshawn  Helton,recruit,WR,5.5,3,FSU,ACC,2018
Anthony Grant,recruit,ATH,5.8,4,FSU,ACC,2018
Tre'Shaun Harrison,recruit,ATH,5.8,4,FSU,ACC,2018
Camren McDonald,recruit,TE,5.8,4,FSU,ACC,2018
Malachi Carter,recruit,WR,5.5,3,GTCH,ACC,2018
Peje Harris,recruit,WR,5.5,3,GTCH,ACC,2018
Dontae Smith,recruit,RB,5.6,3,GTCH,ACC,2018
James Graham,recruit,ATH,5.8,4,GTCH,ACC,2018
Zamari Walton,recruit,ATH,5.5,3,GTCH,ACC,2018
Tijai Whatley,recruit,ATH,5.5,3,GTCH,ACC,2018
Christian Malloy,recruit,RB,5.5,3,GTCH,ACC,2018
Jatavious Harris,recruit,WR,5.7,3,LOU,ACC,2018
Tyler Harrell,recruit,WR,5.5,3,LOU,ACC,2018
Chatarius Atwell,recruit,ATH,5.7,3,LOU,ACC,2018
Hassan Hall,recruit,ATH,5.5,3,LOU,ACC,2018
Marcus Riley,recruit,ATH,5.8,4,LOU,ACC,2018
Jordan Travis,recruit,QB,5.6,3,LOU,ACC,2018
Javian Hawkins,recruit,RB,5.4,2,LOU,ACC,2018
Nigel Kilby,recruit,TE,5.6,3,LOU,ACC,2018
Daquris Wiggins,recruit,WR,5.7,3,MIA,ACC,2018
Mark Pope,recruit,WR,6.1,5,MIA,ACC,2018
Brian Hightower,recruit,WR,5.8,4,MIA,ACC,2018
Marquez Ezzard,recruit,WR,5.8,4,MIA,ACC,2018
Lorenzo Lingard,recruit,RB,6.1,5,MIA,ACC,2018
Camron Davis,recruit,RB,5.9,4,MIA,ACC,2018
Gregory Rousseau,recruit,ATH,5.8,4,MIA,ACC,2018
Jarren Williams,recruit,QB,5.9,4,MIA,ACC,2018
Realus George,recruit,RB,5.5,3,MIA,ACC,2018
Will Mallory,recruit,TE,5.9,4,MIA,ACC,2018
Brevin Jordan,recruit,TE,6,4,MIA,ACC,2018
Devin Carter,recruit,WR,5.6,3,NCST,ACC,2018
Jasiah Provillon,recruit,WR,5.7,3,NCST,ACC,2018
Trent Pennix,recruit,RB,5.6,3,NCST,ACC,2018
De'Von Graves,recruit,ATH,5.8,4,NCST,ACC,2018
Tanner Ingle,recruit,ATH,5.6,3,NCST,ACC,2018
Teshaun  Smith,recruit,ATH,5.5,3,NCST,ACC,2018
Devin Leary,recruit,QB,5.8,4,NCST,ACC,2018
Ricky Person,recruit,RB,5.9,4,NCST,ACC,2018
Dyami Brown,recruit,WR,5.9,4,UNC,ACC,2018
Antoine Green,recruit,WR,5.6,3,UNC,ACC,2018
Jordyn Adams,recruit,WR,5.9,4,UNC,ACC,2018
Kyle Wright,recruit,RB,5.4,2,UNC,ACC,2018
Devon Lawrence,recruit,RB,5.8,4,UNC,ACC,2018
Cade Fortin,recruit,QB,5.6,3,UNC,ACC,2018
Jace Ruder,recruit,QB,5.8,4,UNC,ACC,2018
Cameron O'Neil,recruit,WR,5.5,3,PITT,ACC,2018
Shocky Jacques-Louis,recruit,ATH,5.7,3,PITT,ACC,2018
Ricky Town,recruit,QB,5.7,3,PITT,ACC,2018
Nick Patti,recruit,QB,5.7,3,PITT,ACC,2018
Mychale Salahuddin,recruit,RB,5.9,4,PITT,ACC,2018
Anthony Queeley,recruit,WR,5.5,3,SYR,ACC,2018
Kevin Johnson,recruit,WR,5.4,2,SYR,ACC,2018
Taj Harris,recruit,WR,5.6,3,SYR,ACC,2018
Cooper Lutz,recruit,WR,5.3,2,SYR,ACC,2018
Edward Hendrix,recruit,WR,5.7,3,SYR,ACC,2018
Akeem Dixon,recruit,RB,5.5,3,SYR,ACC,2018
Jarveon Howard,recruit,RB,5.7,3,SYR,ACC,2018
Jawhar Jordan,recruit,RB,5.6,3,SYR,ACC,2018
Atrilleon Williams,recruit,ATH,5.7,3,SYR,ACC,2018
Chance Amie,recruit,QB,5.6,3,SYR,ACC,2018
Gabe Horan,recruit,TE,5.4,2,SYR,ACC,2018
Billy Kemp,recruit,WR,5.3,2,VA,ACC,2018
Joseph White,recruit,WR,5.5,3,VA,ACC,2018
Ugo Obasi,recruit,WR,5.5,3,VA,ACC,2018
Tavares Kelly,recruit,WR,5.5,3,VA,ACC,2018
Wooby Theork,recruit,ATH,5.5,3,VA,ACC,2018
Brennan Armstrong,recruit,QB,5.6,3,VA,ACC,2018
Bobby Haskins,recruit,TE,5.5,3,VA,ACC,2018
Tre Turner,recruit,WR,5.9,4,VT,ACC,2018
Darryle Simmons,recruit,WR,5.8,4,VT,ACC,2018
Cole Beck,recruit,RB,5.7,3,VT,ACC,2018
DeJuan Ellis,recruit,ATH,5.5,3,VT,ACC,2018
Armani Chatman,recruit,ATH,5.8,4,VT,ACC,2018
Oscar Shadley,recruit,ATH,5.6,3,VT,ACC,2018
Nadir Thompson,recruit,ATH,5.6,3,VT,ACC,2018
Quincy Patterson,recruit,QB,5.8,4,VT,ACC,2018
Caleb Steward,recruit,RB,5.4,2,VT,ACC,2018
James Mitchell,recruit,TE,5.8,4,VT,ACC,2018
Anthony Manning,recruit,WR,5.4,2,WFST,ACC,2018
Atorian Perry,recruit,WR,5.3,2,WFST,ACC,2018
Isaiah Isaac,recruit,WR,5.4,2,WFST,ACC,2018
Courtney McKinney,recruit,RB,5.5,3,WFST,ACC,2018
Sam Hartman,recruit,QB,5.6,3,WFST,ACC,2018
Rondell Bothroyd,recruit,TE,5.5,3,WFST,ACC,2018
Blake Whiteheart,recruit,TE,5.4,2,WFST,ACC,2018
Daniel George,recruit,WR,5.8,4,PSU,BIG10,2018
Justin Shorter,recruit,WR,6.1,5,PSU,BIG10,2018
Jahan Dotson,recruit,WR,5.9,4,PSU,BIG10,2018
Will Levis,recruit,QB,5.6,3,PSU,BIG10,2018
Ricky Slade,recruit,RB,6,4,PSU,BIG10,2018
Pat Freiermuth,recruit,TE,5.9,4,PSU,BIG10,2018
Zack Kuntz,recruit,TE,5.9,4,PSU,BIG10,2018
Edwin Carter,recruit,WR,5.5,3,ILL,BIG10,2018
Carlos Sandy,recruit,WR,5.6,3,ILL,BIG10,2018
Kenyon Sims,recruit,RB,5.5,3,ILL,BIG10,2018
Jakari Norwood,recruit,RB,5.4,2,ILL,BIG10,2018
Kerby Joseph,recruit,ATH,5.5,3,ILL,BIG10,2018
Sydney Brown,recruit,ATH,5.4,2,ILL,BIG10,2018
Coran Taylor,recruit,QB,5.6,3,ILL,BIG10,2018
Matthew Robinson,recruit,QB,5.4,2,ILL,BIG10,2018
M.J. Rivers,recruit,QB,5.6,3,ILL,BIG10,2018
Daniel Barker,recruit,TE,5.5,3,ILL,BIG10,2018
Miles Marshall,recruit,WR,5.6,3,IND,BIG10,2018
Jacolby Hewitt,recruit,WR,5.5,3,IND,BIG10,2018
Stevie Scott,recruit,RB,5.5,3,IND,BIG10,2018
Ronnie Walker,recruit,RB,5.7,3,IND,BIG10,2018
Cam Jones,recruit,ATH,5.6,3,IND,BIG10,2018
Jaylin Williams,recruit,ATH,5.5,3,IND,BIG10,2018
Reese Taylor,recruit,ATH,5.6,3,IND,BIG10,2018
Michael Penix Jr.,recruit,QB,5.8,4,IND,BIG10,2018
TJ Ivy,recruit,TE,5.5,3,IND,BIG10,2018
Matt Bjorson,recruit,TE,5.5,3,IND,BIG10,2018
Tyrone Tracy Jr.,recruit,WR,5.7,3,IOWA,BIG10,2018
Calvin Lockett,recruit,WR,5.5,3,IOWA,BIG10,2018
Henry Geil,recruit,RB,5.5,3,IOWA,BIG10,2018
Nico Ragaini,recruit,ATH,5.5,3,IOWA,BIG10,2018
Samson Evans,recruit,ATH,5.4,2,IOWA,BIG10,2018
Spencer Petras,recruit,QB,5.8,4,IOWA,BIG10,2018
Jack Plumb,recruit,TE,5.6,3,IOWA,BIG10,2018
Darryl Jones,recruit,WR,5.8,4,MYLD,BIG10,2018
Jeshaun Jones,recruit,WR,5.6,3,MYLD,BIG10,2018
Dontay Demus,recruit,WR,5.5,3,MYLD,BIG10,2018
Brian Cobbs,recruit,WR,5.6,3,MYLD,BIG10,2018
Ken Montgomery,recruit,ATH,5.7,3,MYLD,BIG10,2018
Tyler DeSue,recruit,QB,5.6,3,MYLD,BIG10,2018
Chigoziem Okonkwo,recruit,TE,5.7,3,MYLD,BIG10,2018
Ronnie Bell,recruit,WR,5.4,2,MICH,BIG10,2018
Christian Turner,recruit,RB,5.7,3,MICH,BIG10,2018
Hassan Haskins,recruit,RB,5.6,3,MICH,BIG10,2018
Ben VanSumeren,recruit,ATH,5.7,3,MICH,BIG10,2018
Michael Barrett,recruit,ATH,5.6,3,MICH,BIG10,2018
Joe Milton,recruit,QB,5.8,4,MICH,BIG10,2018
Luke Schoonmaker,recruit,TE,5.6,3,MICH,BIG10,2018
Mustapha Muhammad,recruit,TE,5.8,4,MICH,BIG10,2018
Jalen Nailor,recruit,WR,5.6,3,MIST,BIG10,2018
Julian Major,recruit,WR,5.5,3,MIST,BIG10,2018
Elijah Collins,recruit,RB,5.6,3,MIST,BIG10,2018
La'Darius Jefferson,recruit,ATH,5.6,3,MIST,BIG10,2018
Davion Williams,recruit,ATH,5.6,3,MIST,BIG10,2018
Javez Alexander,recruit,ATH,5.4,2,MIST,BIG10,2018
Theo Day,recruit,QB,5.7,3,MIST,BIG10,2018
Trenton Gillison,recruit,TE,5.9,4,MIST,BIG10,2018
Jornell Manns,recruit,WR,5.6,3,MINN,BIG10,2018
Erik Gibson,recruit,WR,5.5,3,MINN,BIG10,2018
Rashod Bateman,recruit,WR,5.8,4,MINN,BIG10,2018
Bryce Williams,recruit,RB,5.5,3,MINN,BIG10,2018
Nolan Edmonds,recruit,RB,5.7,3,MINN,BIG10,2018
Josh Aune,recruit,ATH,5.4,2,MINN,BIG10,2018
Terell Smith,recruit,ATH,5.5,3,MINN,BIG10,2018
Vic Viramontes,recruit,QB,5.7,3,MINN,BIG10,2018
Brevyn Spann-Ford,recruit,TE,5.6,3,MINN,BIG10,2018
Justin McGriff,recruit,WR,5.5,3,NEB,BIG10,2018
Katerian LeGrone,recruit,WR,5.6,3,NEB,BIG10,2018
Mike Williams,recruit,WR,5.5,3,NEB,BIG10,2018
Andre Hunt,recruit,WR,5.7,3,NEB,BIG10,2018
Dominick Watt,recruit,WR,5.8,4,NEB,BIG10,2018
Greg Bell,recruit,RB,5.8,4,NEB,BIG10,2018
Maurice Washington,recruit,RB,5.7,3,NEB,BIG10,2018
Cameron Jurgens,recruit,ATH,5.8,4,NEB,BIG10,2018
Braxton Clark,recruit,ATH,5.5,3,NEB,BIG10,2018
Jaron Woodyard,recruit,ATH,5.7,3,NEB,BIG10,2018
Miles Jones,recruit,ATH,5.8,4,NEB,BIG10,2018
Cameron Taylor,recruit,ATH,5.5,3,NEB,BIG10,2018
Adrian Martinez,recruit,QB,5.9,4,NEB,BIG10,2018
Jacob Jefferson,recruit,WR,5.6,3,NWU,BIG10,2018
Drake Anderson,recruit,RB,5.4,2,NWU,BIG10,2018
Isaiah Bowser,recruit,RB,5.6,3,NWU,BIG10,2018
Jason Whittaker,recruit,QB,5.5,3,NWU,BIG10,2018
Charlie Mangieri,recruit,TE,5.5,3,NWU,BIG10,2018
Brian Kaiser,recruit,TE,5.6,3,NWU,BIG10,2018
Cameron Brown,recruit,WR,5.7,3,OSU,BIG10,2018
Kamryn Babb,recruit,WR,5.9,4,OSU,BIG10,2018
Chris Olave,recruit,WR,5.7,3,OSU,BIG10,2018
Blue Smith,recruit,WR,6,4,OSU,BIG10,2018
Brian Snead,recruit,RB,6,4,OSU,BIG10,2018
Master Teague,recruit,RB,5.8,4,OSU,BIG10,2018
Marcus Hooker,recruit,ATH,5.7,3,OSU,BIG10,2018
Matthew Baldwin,recruit,QB,5.8,4,OSU,BIG10,2018
Jaelen Gill,recruit,RB,6,4,OSU,BIG10,2018
Jeremy Ruckert,recruit,TE,5.9,4,OSU,BIG10,2018
Rondale Moore,recruit,WR,5.7,3,PUR,BIG10,2018
Jordan Bonner,recruit,WR,5.5,3,PUR,BIG10,2018
Amad Anderson,recruit,WR,5.7,3,PUR,BIG10,2018
Kory Taylor,recruit,WR,5.7,3,PUR,BIG10,2018
Evan Anderson,recruit,RB,5.5,3,PUR,BIG10,2018
Jack Plummer,recruit,QB,5.6,3,PUR,BIG10,2018
Jack Cravaack,recruit,TE,5.5,3,PUR,BIG10,2018
Payne Durham,recruit,TE,5.5,3,PUR,BIG10,2018
Jalen Jordan,recruit,WR,5.6,3,RUT,BIG10,2018
Paul Woods,recruit,WR,5.5,3,RUT,BIG10,2018
Eddie Lewis,recruit,WR,5.7,3,RUT,BIG10,2018
Isaih Pacheco,recruit,RB,5.6,3,RUT,BIG10,2018
Zihir Lacewell,recruit,ATH,5.7,3,RUT,BIG10,2018
Daevon Robinson,recruit,ATH,5.7,3,RUT,BIG10,2018
Kessawn Abraham,recruit,ATH,5.4,2,RUT,BIG10,2018
Artur Sitkowski,recruit,QB,5.7,3,RUT,BIG10,2018
Jalen Chatman,recruit,QB,5.5,3,RUT,BIG10,2018
A.J. Abbott,recruit,WR,5.5,3,WIS,BIG10,2018
Taj Mustapha,recruit,WR,5.6,3,WIS,BIG10,2018
Aron Cruickshank,recruit,WR,5.7,3,WIS,BIG10,2018
Isaac Guerendo,recruit,WR,5.6,3,WIS,BIG10,2018
Nakia Watson,recruit,RB,5.7,3,WIS,BIG10,2018
Jaylan Franklin,recruit,ATH,5.6,3,WIS,BIG10,2018
Alex Smith,recruit,ATH,5.5,3,WIS,BIG10,2018
Chase Wolf,recruit,QB,5.6,3,WIS,BIG10,2018
Kalon Barnes,recruit,WR,5.7,3,BAY,BIG12,2018
Mark Milton,recruit,WR,5.7,3,BAY,BIG12,2018
Jackson Gleeson,recruit,WR,5.5,3,BAY,BIG12,2018
Tyquan  Thornton,recruit,WR,5.8,4,BAY,BIG12,2018
Jacob Copeland,recruit,ATH,0,0,BAY,BIG12,2018
Gerry Bohanon,recruit,QB,5.7,3,BAY,BIG12,2018
Joshua Fleeks,recruit,RB,5.7,3,BAY,BIG12,2018
Craig Williams,recruit,RB,5.7,3,BAY,BIG12,2018
Ben Sims,recruit,TE,5.7,3,BAY,BIG12,2018
Bralen Taylor,recruit,TE,5.6,3,BAY,BIG12,2018
Christoph Henle,recruit,TE,5.7,3,BAY,BIG12,2018
Sean Shaw,recruit,WR,5.7,3,IWST,BIG12,2018
Tayvonn Kyle,recruit,WR,5.5,3,IWST,BIG12,2018
Joseph Scates,recruit,WR,5.9,4,IWST,BIG12,2018
Carson Schleker,recruit,WR,5.5,3,IWST,BIG12,2018
Brock Purdy,recruit,QB,5.5,3,IWST,BIG12,2018
Re-Al Mitchell,recruit,QB,5.5,3,IWST,BIG12,2018
Stephon Robinson,recruit,WR,5.6,3,KAN,BIG12,2018
Davon Ferguson,recruit,ATH,5.4,2,KAN,BIG12,2018
Miles Kendrick,recruit,QB,5.5,3,KAN,BIG12,2018
Torry Locklin,recruit,QB,5.4,2,KAN,BIG12,2018
Anthony Williams,recruit,RB,5.8,4,KAN,BIG12,2018
EJ Turner,recruit,WR,5.6,3,KNST,BIG12,2018
Jaquavius Lane,recruit,WR,5.5,3,KNST,BIG12,2018
Malik Knowles,recruit,WR,5.3,2,KNST,BIG12,2018
Levi Archer,recruit,QB,5.3,2,KNST,BIG12,2018
John Holcombe,recruit,QB,5.6,3,KNST,BIG12,2018
Luke Sowa,recruit,RB,5.6,3,KNST,BIG12,2018
Kundarrius Taylor,recruit,WR,5.8,4,OKLA,BIG12,2018
Jaylon Robinson,recruit,WR,5.8,4,OKLA,BIG12,2018
T.J. Pledger,recruit,RB,6,4,OKLA,BIG12,2018
Jaquayln Crawford,recruit,ATH,5.8,4,OKLA,BIG12,2018
Tanner Mordecai,recruit,QB,5.7,3,OKLA,BIG12,2018
Brayden Willis,recruit,TE,5.5,3,OKLA,BIG12,2018
Jonathan Shepherd,recruit,WR,5.7,3,OKST,BIG12,2018
C.J. Moore,recruit,WR,5.9,4,OKST,BIG12,2018
Gabriel Lemons,recruit,WR,5.4,2,OKST,BIG12,2018
Jahmyl Jeter,recruit,RB,5.6,3,OKST,BIG12,2018
Spencer Sanders,recruit,QB,5.8,4,OKST,BIG12,2018
Jake Ross,recruit,TE,5.6,3,OKST,BIG12,2018
Chase Van Wagoner,recruit,WR,5.6,3,TCU,BIG12,2018
Bryson Jackson,recruit,WR,5.7,3,TCU,BIG12,2018
Tevailance Hunt,recruit,WR,5.7,3,TCU,BIG12,2018
Fabian Franklin,recruit,RB,5.7,3,TCU,BIG12,2018
Trevon Moehrig-Woodard,recruit,ATH,5.6,3,TCU,BIG12,2018
HiDari Ceasar,recruit,ATH,5.5,3,TCU,BIG12,2018
John Stephens,recruit,ATH,5.6,3,TCU,BIG12,2018
Taye Barber,recruit,ATH,5.8,4,TCU,BIG12,2018
Justin Rogers,recruit,QB,5.9,4,TCU,BIG12,2018
Emari Demercado,recruit,RB,0,0,TCU,BIG12,2018
Pro Wells,recruit,TE,5.6,3,TCU,BIG12,2018
Joshua Moore,recruit,WR,5.9,4,TEX,BIG12,2018
Brennan Eagles,recruit,WR,6,4,TEX,BIG12,2018
Al'Vonte Woodard,recruit,WR,5.9,4,TEX,BIG12,2018
Keaontay Ingram,recruit,RB,5.8,4,TEX,BIG12,2018
Cameron Rising,recruit,QB,5.9,4,TEX,BIG12,2018
Casey Thompson,recruit,QB,5.8,4,TEX,BIG12,2018
Malcolm Epps,recruit,TE,5.8,4,TEX,BIG12,2018
Kesean Carter,recruit,WR,5.6,3,TXTC,BIG12,2018
Sterling Galban,recruit,WR,5.6,3,TXTC,BIG12,2018
Corey Fulcher,recruit,WR,5.6,3,TXTC,BIG12,2018
Myller Royals,recruit,WR,5.6,3,TXTC,BIG12,2018
Erik Ezukanma,recruit,WR,5.8,4,TXTC,BIG12,2018
SaRodorick Thompson,recruit,RB,5.4,2,TXTC,BIG12,2018
Alan Bowman,recruit,QB,5.6,3,TXTC,BIG12,2018
Ta'Zhawn Henry,recruit,RB,5.7,3,TXTC,BIG12,2018
Bryce Wheaton,recruit,WR,5.6,3,West Virginia,BIG12,2018
Sam James,recruit,WR,5.6,3,West Virginia,BIG12,2018
Randy Fields,recruit,WR,5.5,3,West Virginia,BIG12,2018
Dillon Spalding,recruit,WR,5.6,3,West Virginia,BIG12,2018
Leddie Brown,recruit,RB,5.8,4,West Virginia,BIG12,2018
Trey Lowe,recruit,QB,5.7,3,West Virginia,BIG12,2018
TJ Banks,recruit,TE,5.8,4,West Virginia,BIG12,2018
Mike O'Laughlin,recruit,TE,5.7,3,West Virginia,BIG12,2018
Tyler Ringwood,recruit,WR,5.2,2,charlotte,CUSA,2018
Chris Wiggins,recruit,WR,5.5,3,charlotte,CUSA,2018
Justin Jeffery,recruit,ATH,5.4,2,charlotte,CUSA,2018
Brady Pope,recruit,QB,5.2,2,charlotte,CUSA,2018
Terrick Smalls Jr.,recruit,RB,5.5,3,charlotte,CUSA,2018
Moss  Saccomanno,recruit,TE,5.4,2,charlotte,CUSA,2018
Malik Harkness,recruit,TE,5.2,2,charlotte,CUSA,2018
Jacob Hunt,recruit,TE,5.2,2,charlotte,CUSA,2018
Desean Holmes,recruit,WR,5.3,2,fau,CUSA,2018
Nero Nelson,recruit,WR,5.7,3,fau,CUSA,2018
Teja Young,recruit,ATH,5.4,2,fau,CUSA,2018
Cordel Littlejohn,recruit,QB,5.5,3,fau,CUSA,2018
Malcolm Davidson,recruit,RB,5.4,2,fau,CUSA,2018
Zahir Turner,recruit,WR,5.5,3,fiu,CUSA,2018
Ivan Thomas,recruit,WR,5.5,3,fiu,CUSA,2018
Nathaniel Dell,recruit,WR,5.3,2,fiu,CUSA,2018
Jordan Underwood,recruit,WR,5.4,2,fiu,CUSA,2018
DeMarcus Townsend,recruit,RB,5.4,2,fiu,CUSA,2018
Maurquel Dillard,recruit,ATH,5.3,2,fiu,CUSA,2018
Shamar Munroe,recruit,QB,5.4,0,fiu,CUSA,2018
Caleb Lynum,recruit,QB,5.4,2,fiu,CUSA,2018
David OâMeara,recruit,TE,5.2,2,fiu,CUSA,2018
DeAndre Marcus,recruit,RB,5.3,2,latech,CUSA,2018
Davon Harris,recruit,RB,5.4,2,latech,CUSA,2018
Elijah Hines,recruit,RB,5.5,3,latech,CUSA,2018
Maureese Wren,recruit,ATH,5.6,3,latech,CUSA,2018
Xavier Lodge,recruit,ATH,5.4,2,latech,CUSA,2018
Derek Turner,recruit,ATH,5.5,3,latech,CUSA,2018
Wayne Toussant,recruit,ATH,5.4,2,latech,CUSA,2018
Tahj Magee,recruit,QB,5.4,2,latech,CUSA,2018
Aaron Allen,recruit,QB,5.6,3,latech,CUSA,2018
Artie Henry III,recruit,WR,5.5,3,marshall,CUSA,2018
Corey Gammage,recruit,WR,5.6,3,marshall,CUSA,2018
Markeis Colvin,recruit,WR,5.4,2,marshall,CUSA,2018
Jordan Wayne-Prather,recruit,WR,5.4,2,marshall,CUSA,2018
Talik Keaton,recruit,WR,5.4,2,marshall,CUSA,2018
Caleb McMillan,recruit,WR,5.4,2,marshall,CUSA,2018
Tyquavious Terrell,recruit,WR,5.2,2,marshall,CUSA,2018
Jaqaun Webb,recruit,WR,5.6,3,marshall,CUSA,2018
Jalynn Sykes,recruit,RB,5.6,3,marshall,CUSA,2018
Lawrence  Papillon,recruit,RB,5.4,2,marshall,CUSA,2018
John Jiles,recruit,ATH,5.5,3,marshall,CUSA,2018
Reggie Thompson,recruit,ATH,5.4,2,marshall,CUSA,2018
Kenny Wilkins,recruit,ATH,5.6,3,marshall,CUSA,2018
Taymon Cooke,recruit,ATH,5.5,3,marshall,CUSA,2018
Jacob Cassidy,recruit,TE,5.4,2,marshall,CUSA,2018
Devon Jackson,recruit,WR,5.2,2,middletennessee,CUSA,2018
Jordan Branch,recruit,RB,5.4,2,middletennessee,CUSA,2018
Teldrick Ross,recruit,ATH,5.4,2,middletennessee,CUSA,2018
Parker Bullion,recruit,ATH,5.4,2,middletennessee,CUSA,2018
Jarek Campbell,recruit,ATH,5.6,3,middletennessee,CUSA,2018
Luke Shiflett,recruit,QB,5.5,3,middletennessee,CUSA,2018
Chance Nolan,recruit,QB,5.3,2,middletennessee,CUSA,2018
Jyaire Shorter,recruit,WR,5.5,3,northtexas,CUSA,2018
Austin Ogunmakin,recruit,WR,5.4,2,northtexas,CUSA,2018
Deandre Torrey,recruit,RB,5.4,2,northtexas,CUSA,2018
Cade Fennegan,recruit,QB,5.4,2,northtexas,CUSA,2018
Kason Martin,recruit,QB,5.4,2,northtexas,CUSA,2018
Jason Bean,recruit,QB,5.4,2,northtexas,CUSA,2018
August Pitre,recruit,WR,5.3,2,rice,CUSA,2018
Andrew Bird,recruit,WR,5.2,2,rice,CUSA,2018
Brendan Harmon,recruit,WR,5.3,2,rice,CUSA,2018
Juma Otoviano,recruit,RB,5.3,2,rice,CUSA,2018
Prudy Calderon,recruit,ATH,5.5,3,rice,CUSA,2018
Jacob Doddridge,recruit,ATH,5.5,3,rice,CUSA,2018
Parker Towns,recruit,QB,5.3,2,rice,CUSA,2018
Wiley  Green,recruit,QB,5.2,2,rice,CUSA,2018
Robert French,recruit,TE,5.2,2,rice,CUSA,2018
Neil McLaurin,recruit,WR,5.5,3,southernmiss,CUSA,2018
DeMichael  Harris,recruit,WR,5.5,3,southernmiss,CUSA,2018
Trivenskey Mosley,recruit,RB,5.4,2,southernmiss,CUSA,2018
Malik Shorts,recruit,ATH,0,0,southernmiss,CUSA,2018
Jack Abraham,recruit,QB,5.4,2,southernmiss,CUSA,2018
Tate Whatley,recruit,QB,5.4,2,southernmiss,CUSA,2018
Jonathan Patrick,recruit,WR,5.2,2,utep,CUSA,2018
Andrew Nwachukwu,recruit,WR,5.2,2,utep,CUSA,2018
Justin Garrett,recruit,WR,5.4,2,utep,CUSA,2018
Ricky Baker,recruit,WR,0,0,utep,CUSA,2018
Ryan Warren,recruit,ATH,0,0,utep,CUSA,2018
Zuri Henry,recruit,ATH,5.2,2,utep,CUSA,2018
Trent Thompson,recruit,ATH,0,0,utep,CUSA,2018
Ray  Walters III,recruit,ATH,5.3,2,utep,CUSA,2018
Brayden Hawkins,recruit,QB,5.2,2,utep,CUSA,2018
Kai Locksley,recruit,QB,5.7,3,utep,CUSA,2018
Tykee Ogle-Kellogg,recruit,WR,5.5,3,utsa,CUSA,2018
Sheldon Jones,recruit,WR,5.6,3,utsa,CUSA,2018
La'thaniel Washington,recruit,WR,5.4,2,utsa,CUSA,2018
Andrew McGowan,recruit,WR,5.5,3,utsa,CUSA,2018
Deven Boston,recruit,RB,5.2,2,utsa,CUSA,2018
Brenden Brady,recruit,RB,5.6,3,utsa,CUSA,2018
Kelechi Nwachuku,recruit,ATH,5.4,2,utsa,CUSA,2018
Jordan Weeks,recruit,QB,5.4,2,utsa,CUSA,2018
Cordale Grundy,recruit,QB,5.5,3,utsa,CUSA,2018
Gavin Sharp,recruit,TE,0,0,utsa,CUSA,2018
Spencer Gaddis,recruit,WR,5.5,3,wku,CUSA,2018
Russell Brown,recruit,WR,5.4,2,wku,CUSA,2018
Anthony Spurlock,recruit,WR,5.4,2,wku,CUSA,2018
Lee Graham,recruit,WR,5.6,3,wku,CUSA,2018
Garland Lafrance,recruit,RB,5.5,3,wku,CUSA,2018
Trey Urquhart,recruit,RB,5.5,3,wku,CUSA,2018
Gino Appleberry,recruit,RB,5.5,3,wku,CUSA,2018
Terez Traynor,recruit,ATH,5.5,3,wku,CUSA,2018
Kawan Williams,recruit,ATH,5.4,2,wku,CUSA,2018
Kevaris Thomas,recruit,QB,5.5,3,wku,CUSA,2018
Jay  Gibson,recruit,TE,5.3,2,wku,CUSA,2018
Braden Collins,recruit,WR,5.4,2,appalachianstate,MAC,2018
Richard Tucker,recruit,WR,5.3,2,appalachianstate,MAC,2018
Camerun Peoples,recruit,RB,5.2,2,appalachianstate,MAC,2018
Stephon Brown,recruit,QB,5.2,2,appalachianstate,MAC,2018
Trey Ross,recruit,TE,5.4,2,appalachianstate,MAC,2018
Henry Pearson,recruit,TE,5.4,2,appalachianstate,MAC,2018
Luke Burnette,recruit,TE,5.2,2,appalachianstate,MAC,2018
Kirk Merritt,recruit,WR,5.7,3,arkansasstate,MAC,2018
Arther Green,recruit,WR,5.4,2,arkansasstate,MAC,2018
Nathan Page,recruit,WR,5.7,3,arkansasstate,MAC,2018
Marcel Murray,recruit,RB,5.4,2,arkansasstate,MAC,2018
Donovan Marshall,recruit,RB,5.4,2,arkansasstate,MAC,2018
Trey Green,recruit,RB,5.5,3,arkansasstate,MAC,2018
Ross Painter,recruit,TE,5.4,2,arkansasstate,MAC,2018
Reed Tyler,recruit,TE,5.4,2,arkansasstate,MAC,2018
Tyrone Scott,recruit,WR,5.4,2,centralmichigan,MAC,2018
Keonta Nixon,recruit,WR,5.2,2,centralmichigan,MAC,2018
Jonathan Clark,recruit,RB,5.2,2,centralmichigan,MAC,2018
Braeden Childress,recruit,ATH,5.2,2,centralmichigan,MAC,2018
George Pearson,recruit,QB,5.4,2,centralmichigan,MAC,2018
Joel Wilson,recruit,TE,5.2,2,centralmichigan,MAC,2018
Lon'Kevious McFadden,recruit,WR,5.2,2,kentstate,MAC,2018
Montre Miller,recruit,WR,5.3,2,kentstate,MAC,2018
Javaughn Williams,recruit,WR,5.3,2,kentstate,MAC,2018
Isaiah McKoy,recruit,WR,5.4,2,kentstate,MAC,2018
Mark Williams,recruit,ATH,5.2,2,kentstate,MAC,2018
Jeremiah Salaam,recruit,ATH,5.5,3,kentstate,MAC,2018
Craig Elmore,recruit,ATH,5.2,2,kentstate,MAC,2018
Woody Barrett,recruit,QB,5.6,3,kentstate,MAC,2018
Marquez Glover,recruit,QB,5.2,2,kentstate,MAC,2018
Jo-El Shaw,recruit,RB,5.3,2,kentstate,MAC,2018
Daniel Johnson,recruit,TE,5.2,2,kentstate,MAC,2018
Caleb Mills,recruit,WR,5.2,2,newmexicostate,MAC,2018
Naveon Mitchell,recruit,RB,5.2,2,newmexicostate,MAC,2018
Matthew Romero,recruit,QB,5.5,3,newmexicostate,MAC,2018
Grant Mileski,recruit,TE,5.4,2,newmexicostate,MAC,2018
T.J. Graham,recruit,WR,5.5,3,texasstate,MAC,2018
Blake Aragon,recruit,WR,5.5,3,texasstate,MAC,2018
Jacoby Hopkins,recruit,WR,5.5,3,texasstate,MAC,2018
Jah'marae Sheread,recruit,WR,5.4,2,texasstate,MAC,2018
Tyrese Heard,recruit,ATH,5.5,3,texasstate,MAC,2018
Tyler Vitt,recruit,QB,5.5,3,texasstate,MAC,2018
Seth Caillouet,recruit,TE,5.2,2,texasstate,MAC,2018
Jackson Lanam,recruit,TE,5.4,2,texasstate,MAC,2018
Cameron Childress,recruit,WR,5.2,2,toledo,MAC,2018
Jalynn Williams,recruit,WR,5.7,3,toledo,MAC,2018
Devin Maddox,recruit,WR,5.3,2,toledo,MAC,2018
Jalin Cooper,recruit,WR,5.5,3,toledo,MAC,2018
Nate Bauer,recruit,ATH,5.5,3,toledo,MAC,2018
Carter Bradley,recruit,QB,5.6,3,toledo,MAC,2018
Cross Wilkinson,recruit,QB,5.3,2,toledo,MAC,2018
Alex Morgan,recruit,TE,5.4,2,toledo,MAC,2018
Demontrez Brown,recruit,WR,5.2,2,troy,MAC,2018
Kevin Perkins,recruit,RB,5.4,2,troy,MAC,2018
Gunnar Watson,recruit,QB,5.6,3,troy,MAC,2018
Anthony Lewis,recruit,TE,5.5,3,troy,MAC,2018
Jahquan Bloomfield,recruit,WR,5.4,2,ulm,MAC,2018
Malik Jackson,recruit,WR,5.6,3,ulm,MAC,2018
Josh Newton,recruit,WR,5.3,2,ulm,MAC,2018
Isaiah Phillips,recruit,RB,5.2,2,ulm,MAC,2018
Brennen Wooten,recruit,QB,5.3,2,ulm,MAC,2018
Colby Suits,recruit,QB,5.4,2,ulm,MAC,2018
DaShon Bussell,recruit,WR,5.6,3,westernmichigan,MAC,2018
Chase Brown,recruit,RB,5.4,2,westernmichigan,MAC,2018
Jayden Reed,recruit,ATH,5.4,2,westernmichigan,MAC,2018
Wyatt Rector,recruit,QB,5.5,3,westernmichigan,MAC,2018
Kaleb Eleby,recruit,QB,5.7,3,westernmichigan,MAC,2018
Anthony Torres,recruit,TE,5.5,3,westernmichigan,MAC,2018
Lee Payton,recruit,TE,5.4,2,westernmichigan,MAC,2018
Zach Williams,recruit,WR,5.6,3,ARZ,PAC12,2018
Jailen Bailey,recruit,WR,5.4,2,ARZ,PAC12,2018
Thomas Marcus,recruit,WR,5.4,2,ARZ,PAC12,2018
Jaden Mitchell,recruit,WR,5.5,3,ARZ,PAC12,2018
Tre Adams,recruit,WR,5.6,3,ARZ,PAC12,2018
Kevin Doyle,recruit,QB,5.6,3,ARZ,PAC12,2018
Jamarye Joiner,recruit,QB,5.7,3,ARZ,PAC12,2018
Darrius Smith,recruit,RB,5.5,3,ARZ,PAC12,2018
Jake Peters,recruit,TE,5.5,3,ARZ,PAC12,2018
Brandon Aiyuk,recruit,WR,5.4,2,AZST,PAC12,2018
Geordon Porter,recruit,WR,5.7,3,AZST,PAC12,2018
Demetrious Flowers,recruit,RB,5.6,3,AZST,PAC12,2018
AJ Carter,recruit,RB,5.6,3,AZST,PAC12,2018
Brock Sturges,recruit,RB,5.7,3,AZST,PAC12,2018
Isaiah Floyd,recruit,RB,5.5,3,AZST,PAC12,2018
Nikko Remigio,recruit,WR,5.8,4,CAL,PAC12,2018
Christopher Brown Jr.,recruit,RB,5.7,3,CAL,PAC12,2018
Johnny Adams,recruit,RB,5.7,3,CAL,PAC12,2018
McCallan Castles,recruit,TE,5.7,3,CAL,PAC12,2018
Dylan Thomas,recruit,WR,5.7,3,COL,PAC12,2018
Daniel Arias,recruit,WR,5.7,3,COL,PAC12,2018
Dimitri Stanley,recruit,ATH,5.6,3,COL,PAC12,2018
Blake Stenstrom,recruit,QB,5.6,3,COL,PAC12,2018
Deion Smith,recruit,RB,5.6,3,COL,PAC12,2018
Jarek Broussard,recruit,RB,5.5,3,COL,PAC12,2018
Darrion Jones,recruit,TE,5.6,3,COL,PAC12,2018
Jalen Hall,recruit,WR,5.9,4,oregon,PAC12,2018
J.J. Tucker,recruit,WR,5.5,3,oregon,PAC12,2018
Isaah Crocker,recruit,WR,5.9,4,oregon,PAC12,2018
Travis Dye,recruit,RB,5.5,3,oregon,PAC12,2018
M.J. Cunningham,recruit,ATH,5.7,3,oregon,PAC12,2018
Tyler Shough,recruit,QB,5.9,4,oregon,PAC12,2018
Jamal Currie-Elliott,recruit,RB,5.8,4,oregon,PAC12,2018
Spencer Webb,recruit,TE,5.8,4,oregon,PAC12,2018
I'Shawn Stewart,recruit,WR,5.5,3,oregon state,PAC12,2018
Kase Rogers,recruit,WR,5.4,2,oregon state,PAC12,2018
Jesiah Irish,recruit,WR,5.4,2,oregon state,PAC12,2018
Jermar Jefferson,recruit,RB,5.5,3,oregon state,PAC12,2018
Bradley Bickler,recruit,ATH,5.5,3,oregon state,PAC12,2018
Matthew Tago,recruit,ATH,5.6,3,oregon state,PAC12,2018
Isaiah Tufaga,recruit,ATH,5.5,3,oregon state,PAC12,2018
Jack Colletto,recruit,QB,5.4,2,oregon state,PAC12,2018
Jake Dukart,recruit,QB,5.5,3,oregon state,PAC12,2018
Keishon Dawkins,recruit,TE,5.4,2,oregon state,PAC12,2018
Isaiah Smalls,recruit,TE,5.5,3,oregon state,PAC12,2018
Teagan Quitoriano,recruit,TE,5.7,3,oregon state,PAC12,2018
John McCartan,recruit,TE,5.3,2,oregon state,PAC12,2018
Michael Wilson,recruit,WR,5.8,4,stanford,PAC12,2018
Ricky Miezan,recruit,ATH,5.5,3,stanford,PAC12,2018
Jack West,recruit,QB,5.7,3,stanford,PAC12,2018
Tanner McKee,recruit,QB,5.9,4,stanford,PAC12,2018
Justus Woods,recruit,RB,5.7,3,stanford,PAC12,2018
Jay Symonds,recruit,TE,5.5,3,stanford,PAC12,2018
Michael Ezeike,recruit,WR,5.8,4,UCLA,PAC12,2018
Patrick Jolly Jr.,recruit,WR,5.5,3,UCLA,PAC12,2018
Chase Cota,recruit,WR,5.9,4,UCLA,PAC12,2018
Kyle Philips,recruit,WR,5.7,3,UCLA,PAC12,2018
CJ Parks,recruit,WR,5.7,3,UCLA,PAC12,2018
Martell Irby,recruit,RB,5.5,3,UCLA,PAC12,2018
Kazmeir Allen,recruit,RB,5.8,4,UCLA,PAC12,2018
Bryan Addison,recruit,ATH,6,4,UCLA,PAC12,2018
Delon Hurt,recruit,ATH,5.7,3,UCLA,PAC12,2018
Dorian Thompson-Robinson,recruit,QB,6,4,UCLA,PAC12,2018
Matt Alaimo,recruit,TE,5.7,3,UCLA,PAC12,2018
David Priebe,recruit,TE,5.6,3,UCLA,PAC12,2018
Amon-Ra St. Brown,recruit,WR,6.1,5,USC,PAC12,2018
Markese Stepp,recruit,RB,5.8,4,USC,PAC12,2018
Devon Williams,recruit,ATH,6,4,USC,PAC12,2018
Chase Williams,recruit,ATH,5.9,4,USC,PAC12,2018
Talanoa Hufanga,recruit,ATH,5.9,4,USC,PAC12,2018
JT Daniels,recruit,QB,6.1,5,USC,PAC12,2018
Terrell Perriman,recruit,WR,5.6,3,utah,PAC12,2018
Solomon Enis,recruit,WR,5.8,4,utah,PAC12,2018
Devin Brumfield,recruit,RB,5.7,3,utah,PAC12,2018
Malone Mataele,recruit,ATH,5.7,3,utah,PAC12,2018
Brant Kuithe,recruit,ATH,5.6,3,utah,PAC12,2018
Thomas Yassmin,recruit,ATH,5.4,2,utah,PAC12,2018
Jack Tuttle,recruit,QB,5.9,4,utah,PAC12,2018
Trey Lowe,recruit,WR,5.8,4,washington,PAC12,2018
Marquis Spiker,recruit,WR,6,4,washington,PAC12,2018
Austin Osborne,recruit,WR,5.9,4,washington,PAC12,2018
Devin Culp,recruit,WR,5.7,3,washington,PAC12,2018
Richard Newton,recruit,RB,5.7,3,washington,PAC12,2018
Dominique Hampton,recruit,ATH,5.5,3,washington,PAC12,2018
Jacob Sirmon,recruit,QB,5.9,4,washington,PAC12,2018
Colson Yankoff,recruit,QB,5.9,4,washington,PAC12,2018
Patrick Nunn,recruit,WR,5.5,3,washington,PAC12,2018
Rodrick Fisher,recruit,WR,5.6,3,washington,PAC12,2018
Kassidy Woods,recruit,WR,5.6,3,washington,PAC12,2018
Calvin Jackson Jr. ,recruit,WR,5.4,2,washington,PAC12,2018
Brandon Gray,recruit,WR,5.7,3,washington,PAC12,2018
Drue Jackson,recruit,WR,5.8,4,washington,PAC12,2018
Max Borghi ,recruit,RB,5.6,3,washington,PAC12,2018
Gatlin Grisso,recruit,ATH,5.4,2,washington,PAC12,2018
Cammon Cooper,recruit,QB,5.8,4,washington,PAC12,2018
Xavier Williams,recruit,WR,5.8,4,alabama,SEC,2018
Jaylen Waddle,recruit,WR,6.1,5,alabama,SEC,2018
Jerome Ford,recruit,RB,5.6,3,alabama,SEC,2018
Slade Bolden,recruit,ATH,5.8,4,alabama,SEC,2018
Michael Parker,recruit,TE,5.8,4,alabama,SEC,2018
Michael Woods,recruit,WR,5.6,3,arkansas,SEC,2018
Rakeem Boyd,recruit,RB,5.5,3,arkansas,SEC,2018
John Stephen Jones,recruit,QB,5.4,2,arkansas,SEC,2018
Connor Noland,recruit,QB,5.7,3,arkansas,SEC,2018
Seth Williams,recruit,WR,5.8,4,auburn,SEC,2018
Shedrick Jackson,recruit,WR,5.7,3,auburn,SEC,2018
Anthony Schwartz,recruit,WR,5.9,4,auburn,SEC,2018
Asa Martin,recruit,RB,6,4,auburn,SEC,2018
Roger McCreary,recruit,ATH,5.5,3,auburn,SEC,2018
Harold Joiner,recruit,ATH,5.8,4,auburn,SEC,2018
Richard Jibunor,recruit,ATH,5.8,4,auburn,SEC,2018
Kolbi Fuqua,recruit,ATH,5.6,3,auburn,SEC,2018
Matthew Hill,recruit,ATH,5.9,4,auburn,SEC,2018
Joey Gatewood,recruit,QB,6,4,auburn,SEC,2018
Shaun Shivers,recruit,RB,5.8,4,auburn,SEC,2018
Jacob Copeland,recruit,WR,5.9,4,florida,SEC,2018
Justin Watkins,recruit,WR,5.8,4,florida,SEC,2018
Dameon Pierce,recruit,RB,5.8,4,florida,SEC,2018
Amari Burney,recruit,ATH,5.8,4,florida,SEC,2018
Emory Jones,recruit,QB,5.9,4,florida,SEC,2018
Iverson Clement,recruit,RB,5.8,4,florida,SEC,2018
Dante Lang,recruit,TE,5.7,3,florida,SEC,2018
Kyle Pitts,recruit,TE,5.8,4,florida,SEC,2018
Bryce Oliver,recruit,WR,5.5,3,kentucky,SEC,2018
Allen Dailey,recruit,WR,5.7,3,kentucky,SEC,2018
Marvin Alexander,recruit,WR,5.7,3,kentucky,SEC,2018
Kavosiey Smoke,recruit,RB,5.7,3,kentucky,SEC,2018
Chris Rodriguez,recruit,RB,5.6,3,kentucky,SEC,2018
Ashtan Pierre,recruit,ATH,5.5,3,kentucky,SEC,2018
Akeem Hayes,recruit,ATH,5.6,3,kentucky,SEC,2018
Terry  Wilson,recruit,QB,5.6,3,kentucky,SEC,2018
Brenden Bates,recruit,TE,5.7,3,kentucky,SEC,2018
Keaton Upshaw,recruit,TE,5.7,3,kentucky,SEC,2018
Ja'Marr Chase,recruit,WR,6,4,LSU,SEC,2018
Kenan Jones,recruit,WR,5.8,4,LSU,SEC,2018
Jaray Jenkins,recruit,WR,5.6,3,LSU,SEC,2018
Terrace Marshall Jr.,recruit,WR,6.1,5,LSU,SEC,2018
Tae Provens,recruit,RB,5.7,3,LSU,SEC,2018
Chris Curry,recruit,RB,5.6,3,LSU,SEC,2018
Dantrieze Scott,recruit,ATH,5.5,3,LSU,SEC,2018
Zach Sheffer,recruit,TE,5.7,3,LSU,SEC,2018
Devonta Jason,recruit,WR,6,4,mississippi,SEC,2018
Stephen Guidry,recruit,WR,5.6,3,mississippi,SEC,2018
Johnquarise  Patterson,recruit,WR,5.6,3,mississippi,SEC,2018
Cameron Gardner,recruit,WR,5.5,3,mississippi,SEC,2018
Nate Watson,recruit,WR,5.6,3,mississippi,SEC,2018
Malik Heath,recruit,WR,5.8,4,mississippi,SEC,2018
Marcus Murphy,recruit,ATH,5.7,3,mississippi,SEC,2018
Jalen Mayden,recruit,QB,5.8,4,mississippi,SEC,2018
La'damian Webb,recruit,RB,5.6,3,mississippi,SEC,2018
Geor'Quarius Spivey,recruit,TE,5.8,4,mississippi,SEC,2018
Brad Cumbest,recruit,TE,5.5,3,mississippi,SEC,2018
Harry Ballard III,recruit,WR,5.6,3,missouri,SEC,2018
Danny Gray,recruit,WR,5.7,3,missouri,SEC,2018
Khmari Thompson,recruit,WR,5.5,3,missouri,SEC,2018
Chritauskie Dove,recruit,WR,5.6,3,missouri,SEC,2018
Dominic Gicinto,recruit,WR,5.3,2,missouri,SEC,2018
Kam Scott,recruit,WR,5.7,3,missouri,SEC,2018
Simi Bakare,recruit,RB,5.4,2,missouri,SEC,2018
Tyler Badie,recruit,RB,5.3,2,missouri,SEC,2018
Lindsey Scott Jr. ,recruit,QB,5.7,3,missouri,SEC,2018
Jalen Knox,recruit,RB,5.7,3,missouri,SEC,2018
Messiah Swinson,recruit,TE,5.6,3,missouri,SEC,2018
Miles Battle,recruit,WR,5.8,4,ole miss,SEC,2018
Demarcus Gregory,recruit,WR,5.8,4,ole miss,SEC,2018
Elijah Moore,recruit,WR,5.8,4,ole miss,SEC,2018
Scott Phillips,recruit,RB,5.6,3,ole miss,SEC,2018
Tylan Knight,recruit,ATH,5.4,2,ole miss,SEC,2018
Luke Knox,recruit,ATH,5.5,3,ole miss,SEC,2018
Keidron Smith,recruit,ATH,5.5,3,ole miss,SEC,2018
Matt Corral,recruit,QB,6,4,ole miss,SEC,2018
Josh Vann,recruit,WR,5.8,4,carolina,SEC,2018
Tyquan Johnson,recruit,WR,5.6,3,carolina,SEC,2018
Deshaun Fenwick,recruit,RB,5.7,3,carolina,SEC,2018
Lavonte Valentine,recruit,RB,5.7,3,carolina,SEC,2018
Darius Rush,recruit,ATH,5.5,3,carolina,SEC,2018
Dakereon Joyner,recruit,QB,5.8,4,carolina,SEC,2018
Jalen Preston,recruit,WR,5.9,4,texas,SEC,2018
Caleb Chapman,recruit,WR,5.8,4,texas,SEC,2018
Montel Parker,recruit,WR,5.7,3,texas,SEC,2018
Charles Strong,recruit,RB,5.7,3,texas,SEC,2018
Deneric  Prince,recruit,RB,5.5,3,texas,SEC,2018
Jordan Moore,recruit,ATH,5.8,4,texas,SEC,2018
Vernon Jackson,recruit,ATH,5.7,3,texas,SEC,2018
James Foster,recruit,QB,5.7,3,texas,SEC,2018
Jashaun Corbin,recruit,RB,5.8,4,texas,SEC,2018
Glenn Beal,recruit,TE,5.6,3,texas,SEC,2018
Jace Sternberger,recruit,TE,5.6,3,texas,SEC,2018
Cedric Tillman,recruit,WR,5.4,2,tennessee,SEC,2018
Jeremy Banks,recruit,RB,5.8,4,tennessee,SEC,2018
Bryce Thompson,recruit,ATH,5.8,4,tennessee,SEC,2018
Alontae Taylor,recruit,ATH,5.9,4,tennessee,SEC,2018
JT Shrout,recruit,QB,5.7,3,tennessee,SEC,2018
Jacob Warren,recruit,TE,5.7,3,tennessee,SEC,2018
Dominick Anderson,recruit,TE,5.8,4,tennessee,SEC,2018
Tommy Bush,recruit,WR,5.8,4,georgia,SEC,2018
Kearis Jackson,recruit,WR,5.9,4,georgia,SEC,2018
Zamir White,recruit,RB,6.1,5,georgia,SEC,2018
Justin Fields,recruit,QB,6.1,5,georgia,SEC,2018
James Cook,recruit,RB,6.1,5,georgia,SEC,2018
John FitzPatrick,recruit,TE,5.9,4,georgia,SEC,2018
Luke Ford,recruit,TE,6,4,georgia,SEC,2018
Camron Johnson,recruit,WR,5.8,4,vanderbilt,SEC,2018
Amir Abdur-Rahman,recruit,WR,5.6,3,vanderbilt,SEC,2018
C.J.  Bolar,recruit,WR,5.7,3,vanderbilt,SEC,2018
Ja'veon Marlow,recruit,RB,5.5,3,vanderbilt,SEC,2018
Bridges Anderson,recruit,ATH,5.4,2,vanderbilt,SEC,2018
Allan Walters,recruit,QB,5.7,3,vanderbilt,SEC,2018
Gavin Schoenwald,recruit,TE,5.6,3,vanderbilt,SEC,2018
Ben Bresnahan,recruit,TE,5.6,3,vanderbilt,SEC,2018
Elijah McAllister,recruit,TE,5.7,3,vanderbilt,SEC,2018
John Hightower,recruit,WR,5.5,3,Boise,MWC,2018
Cameron Thomas,recruit,WR,5.5,3,Boise,MWC,2018
Khalil Shakir,recruit,WR,5.7,3,Boise,MWC,2018
Stefan Cobbs,recruit,WR,5.6,3,Boise,MWC,2018
Billy Bowens,recruit,WR,5.4,2,Boise,MWC,2018
Andrew VanBuren,recruit,RB,5.6,3,Boise,MWC,2018
Danny Smith,recruit,RB,5.4,2,Boise,MWC,2018
Cole Ramseyer,recruit,ATH,5.5,3,Boise,MWC,2018
Riley Smith,recruit,QB,5.7,3,Boise,MWC,2018
Jaylon Henderson,recruit,QB,5.2,2,Boise,MWC,2018
Tyneil Hopper,recruit,TE,5.8,4,Boise,MWC,2018
Kevin Austin,recruit,WR,5.9,4,Notre Dame,IND,2018
Micah Jones,recruit,WR,5.8,4,Notre Dame,IND,2018
Lawrence Keys,recruit,WR,5.7,3,Notre Dame,IND,2018
Jahmir Smith,recruit,RB,5.7,3,Notre Dame,IND,2018
C'Bo Flemister,recruit,RB,5.5,3,Notre Dame,IND,2018
Braden Lenzy,recruit,ATH,5.8,4,Notre Dame,IND,2018
Tariq Bracy,recruit,ATH,5.7,3,Notre Dame,IND,2018
Phil Jurkovec,recruit,QB,5.9,4,Notre Dame,IND,2018
Tommy Tremble,recruit,TE,5.7,3,Notre Dame,IND,2018
George Takacs,recruit,TE,5.8,4,Notre Dame,IND,2018